"time","name","ref","table","plant","type","species","category","comment","deleted"
"2023-03-23 09:55:26","Katja","r0","Tisch 4","A4","Schädling","Weisse Fliege","0","",0
"2023-03-23 09:56:21","Katja","r0","Tisch 4","A8","Schädling","Weisse Fliege","0","",0
"2023-03-23 09:56:38","Katja","r0","Tisch 4","B6","Schädling","Weisse Fliege","0","",0
"2023-03-23 09:57:53","Katja","r0","Tisch 4","C1","Schädling","Weisse Fliege","0","",0
"2023-03-23 09:58:14","Katja","r0","Tisch 4","D4","Schädling","Weisse Fliege","0","",0
"2023-03-23 09:58:38","Katja","r0","Tisch 3","A3","Schädling","Weisse Fliege","0","",0
"2023-03-23 09:59:47","Katja","r0","Tisch 3","A6","Schädling","Weisse Fliege","0","",0
"2023-03-23 10:00:13","Katja","r0","Tisch 3","B7","Schädling","Weisse Fliege","0","",0
"2023-03-23 10:01:47","Katja","r0","Tisch 3","C2","Schädling","Weisse Fliege","0","",0
"2023-03-23 10:01:56","Katja","r0","Tisch 3","D9","Schädling","Weisse Fliege","0","",0
"2023-03-23 10:09:53","Katja","r0","Tisch 2","A2","Schädling","Trauermücke","1 - 2","Puppe und eine orangene Milbe?",0
"2023-03-23 10:10:44","Katja","r0","Tisch 2","A5","Schädling","Trauermücke","1 - 2","",0
"2023-03-23 10:11:05","Katja","r1","Tisch 2","A5","Schädling","Blattläuse","1 - 2","",0
"2023-03-23 10:13:24","Katja","r0","Tisch 2","B1","Schädling","Trauermücke","1 - 2","",0
"2023-03-23 10:13:59","Katja","r0","Tisch 2","B1","Schädling","Weichhautmilbe","1 - 2","",0
"2023-03-23 10:15:06","Katja","r1","Tisch 2","C9","Schädling","Blattläuse","1 - 2","",0
"2023-03-23 10:15:45","Katja","r0","Tisch 2","D7","Schädling","Trauermücke","1 - 2","",0
"2023-03-23 10:16:45","Katja","r0","Tisch 1","A3","Schädling","Weisse Fliege","0","",0
"2023-03-23 10:16:57","Katja","r0","Tisch 1","B4","Schädling","Weisse Fliege","0","",0
"2023-03-23 10:17:36","Katja","r0","Tisch 1","C7","Schädling","Weisse Fliege","0","",0
"2023-03-23 10:17:51","Katja","r0","Tisch 1","D7","Schädling","Weisse Fliege","0","",0
"2023-03-23 10:19:11","Katja","r0","Tisch 1","H6","Schädling","Weisse Fliege","0","",0
"2023-03-23 10:19:23","Katja","r0","Tisch 1","G5","Schädling","Weisse Fliege","0","",0
"2023-03-23 10:19:29","Katja","r0","Tisch 1","F2","Schädling","Weisse Fliege","0","",0
"2023-03-23 10:20:13","Katja","r0","Tisch 1","E1","Schädling","Weisse Fliege","0","",0
"2023-03-23 10:21:15","Katja","r1","Tisch 2","H8","Schädling","Blattläuse","1 - 2","",0
"2023-03-23 10:21:35","Katja","r0","Tisch 2","F6","Schädling","Weisse Fliege","0","",0
"2023-03-23 10:21:49","Katja","r0","Tisch 2","G3","Schädling","Weisse Fliege","0","",0
"2023-03-23 10:22:20","Katja","r0","Tisch 2","E2","Schädling","Trauermücke","0","",0
"2023-03-23 10:23:11","Katja","r0","Tisch 3","F8","Schädling","Weisse Fliege","0","",0
"2023-03-23 10:23:30","Katja","r0","Tisch 3","G6","Schädling","Weisse Fliege","0","",0
"2023-03-23 10:23:33","Katja","r0","Tisch 3","E5","Schädling","Weisse Fliege","0","",0
"2023-03-23 10:23:52","Katja","r0","Tisch 3","H1","Schädling","Weisse Fliege","0","",0
"2023-03-23 10:25:16","Katja","r0","Tisch 4","F9","Schädling","Weisse Fliege","0","",0
"2023-03-23 10:25:19","Katja","r0","Tisch 4","E7","Schädling","Weisse Fliege","0","",0
"2023-03-23 10:25:23","Katja","r0","Tisch 4","H5","Schädling","Weisse Fliege","0","",0
"2023-03-23 10:25:38","Katja","r0","Tisch 4","G2","Schädling","Weisse Fliege","0","",0
"2023-03-23 10:28:07","Katja","r0","Tisch 8","C2","Schädling","Weisse Fliege","0","",0
"2023-03-23 10:34:23","Katja","r0","Tisch 8","B3","Schädling","Weisse Fliege","1 - 2","weisser lausartiger Schädling",0
"2023-03-23 10:34:51","Katja","r0","Tisch 8","B3","Schädling","Blattläuse","1 - 2","Blattlaus",0
"2023-03-23 10:35:06","Katja","r0","Tisch 8","A5","Schädling","Weisse Fliege","0","",0
"2023-03-23 10:35:12","Katja","r0","Tisch 7","D1","Schädling","Weisse Fliege","0","",0
"2023-03-23 10:35:23","Katja","r0","Tisch 7","A3","Schädling","Weisse Fliege","0","",0
"2023-03-23 10:35:41","Katja","r0","Tisch 7","B5","Schädling","Weisse Fliege","0","",0
"2023-03-23 10:36:26","Katja","r0","Tisch 7","C6","Schädling","Weisse Fliege","1 - 2","weisser lausartiger Schädling",0
"2023-03-23 10:38:16","Katja","r0","Tisch 7","C6","Schädling","Blattläuse","1 - 2","dunkle Blattlaus",0
"2023-03-23 10:38:33","Katja","r0","Tisch 6","D2","Schädling","Weisse Fliege","0","",0
"2023-03-23 10:39:01","Katja","r0","Tisch 6","C6","Schädling","Blattläuse","1 - 2","dunkle Blattlaus",0
"2023-03-23 10:39:19","Katja","r0","Tisch 6","A7","Schädling","Weisse Fliege","0","",0
"2023-03-23 10:39:52","Katja","r0","Tisch 6","B8","Schädling","Blattläuse","1 - 2","dunkle Blattlaus",0
"2023-03-23 10:40:12","Katja","r0","Tisch 6","B8","Schädling","Trauermücke","1 - 2","",0
"2023-03-23 10:43:34","Katja","r0","Tisch 5","C2","Schädling","Weisse Fliege","1 - 2","kleine Raupe",0
"2023-03-23 10:44:02","Katja","r0","Tisch 5","D3","Schädling","Weisse Fliege","0","",0
"2023-03-23 10:44:18","Katja","r0","Tisch 5","A4","Schädling","Weisse Fliege","0","",0
"2023-03-23 10:45:16","Katja","r0","Tisch 5","B6","Schädling","Weisse Fliege","0","",0
"2023-03-23 10:45:36","Katja","r0","Tisch 5","E5","Schädling","Weisse Fliege","0","",0
"2023-03-23 10:45:56","Katja","r0","Tisch 5","F6","Schädling","Weisse Fliege","0","",0
"2023-03-23 10:46:31","Katja","r0","Tisch 5","H4","Schädling","Blattläuse","1 - 2","kleine Raupe",0
"2023-03-23 10:47:20","Katja","r0","Tisch 5","I3","Schädling","Weisse Fliege","0","",0
"2023-03-23 10:47:41","Katja","r0","Tisch 5","G1","Schädling","Blattläuse","1 - 2","dunkle Blattlaus",0
"2023-03-23 10:47:57","Katja","r0","Tisch 6","G9","Schädling","Blattläuse","1 - 2","dunkle Blattlaus",0
"2023-03-23 10:48:21","Katja","r0","Tisch 6","E5","Schädling","Weisse Fliege","0","",0
"2023-03-23 10:48:22","Katja","r0","Tisch 6","F4","Schädling","Weisse Fliege","0","",0
"2023-03-23 10:48:22","Katja","r0","Tisch 6","H3","Schädling","Weisse Fliege","0","",0
"2023-03-23 10:49:33","Katja","r0","Tisch 6","H1","Schädling","Blattläuse","1 - 2","dunkle Blauttlaus",0
"2023-03-23 10:49:54","Katja","r0","Tisch 7","F6","Schädling","Weisse Fliege","0","",0
"2023-03-23 10:50:19","Katja","r0","Tisch 7","I4","Schädling","Blattläuse","1 - 2","keline Raupe",0
"2023-03-23 10:50:43","Katja","r0","Tisch 7","E4","Schädling","Weisse Fliege","0","",0
"2023-03-23 10:50:49","Katja","r0","Tisch 7","H2","Schädling","Weisse Fliege","0","",0
"2023-03-23 10:51:10","Katja","r0","Tisch 7","G1","Schädling","Trauermücke","1 - 2","",0
"2023-03-23 10:51:25","Katja","r0","Tisch 8","D5","Schädling","Weisse Fliege","0","",0
"2023-03-23 10:51:34","Katja","r0","Tisch 8","F4","Schädling","Weisse Fliege","0","",0
"2023-03-23 10:51:55","Katja","r0","Tisch 8","E1","Schädling","Weisse Fliege","0","",0
"2023-03-23 10:52:49","Katja","r0","Tisch 9","A2","Schädling","Weisse Fliege","0","",0
"2023-03-23 10:53:29","Katja","r0","Tisch 9","D3","Schädling","Weisse Fliege",NA,"kleine Löcher im Blatt",0
"2023-03-23 10:54:03","Katja","r0","Tisch 9","C4","Schädling","Weisse Fliege","0","",0
"2023-03-23 10:54:56","Katja","r0","Tisch 9","B6","Schädling","Weisse Fliege",NA,"weisse Stelle mit schwarzen Punkten",0
"2023-03-23 10:55:50","Katja","r0","Tisch 9","G7","Schädling","Weisse Fliege",NA,"längliches gelbes Ei",0
"2023-03-23 10:56:10","Katja","r0","Tisch 9","H6","Schädling","Weisse Fliege","0","",0
"2023-03-23 10:56:17","Katja","r0","Tisch 9","E5","Schädling","Weisse Fliege","0","",0
"2023-03-23 10:56:35","Katja","r0","Tisch 9","F1","Schädling","Weisse Fliege",NA,"rundes weisses Ei",0
"2023-03-27 15:06:59","Julian","r0","Tisch 4","C1","Schädling","Blattläuse","0","",0
"2023-03-27 15:07:21","Julian","r0","Tisch 4","D4","Schädling","Blattläuse","0","",0
"2023-03-27 15:07:26","Julian","r0","Tisch 4","A4","Schädling","Blattläuse","0","",0
"2023-03-27 15:07:38","Julian","r0","Tisch 4","B6","Schädling","Blattläuse","0","",0
"2023-03-27 15:07:53","Julian","r0","Tisch 4","A8","Schädling","Blattläuse","0","",0
"2023-03-27 15:08:08","Julian","r0","Tisch 3","C2","Schädling","Blattläuse","0","",0
"2023-03-27 15:08:16","Julian","r0","Tisch 3","A3","Schädling","Blattläuse","0","",0
"2023-03-27 15:08:25","Julian","r0","Tisch 3","A6","Schädling","Blattläuse","0","",0
"2023-03-27 15:08:33","Julian","r0","Tisch 3","B7","Schädling","Blattläuse","0","",0
"2023-03-27 15:08:46","Julian","r0","Tisch 3","D9","Schädling","Blattläuse","0","",0
"2023-03-27 15:09:04","Julian","r1","Tisch 2","B1","Schädling","Blattläuse","0","",0
"2023-03-27 15:12:28","Julian","r1","Tisch 2","A2","Schädling","Blattläuse","0","",0
"2023-03-27 15:13:14","Julian","r1","Tisch 2","A5","Schädling","Blattläuse","1 - 2","",0
"2023-03-27 15:13:25","Julian","r1","Tisch 2","D7","Schädling","Blattläuse","0","",0
"2023-03-27 15:13:53","Julian","r1","Tisch 2","C9","Schädling","Blattläuse","1 - 2","",0
"2023-03-27 15:14:10","Julian","r0","Tisch 1","A3","Schädling","Blattläuse","0","",0
"2023-03-27 15:14:23","Julian","r0","Tisch 1","B4","Schädling","Blattläuse","0","",0
"2023-03-27 15:14:26","Julian","r0","Tisch 1","D7","Schädling","Blattläuse","0","",0
"2023-03-27 15:14:33","Julian","r0","Tisch 1","C7","Schädling","Blattläuse","0","",0
"2023-03-27 15:14:49","Julian","r0","Tisch 1","H6","Schädling","Blattläuse","0","",0
"2023-03-27 15:14:56","Julian","r0","Tisch 1","G5","Schädling","Blattläuse","0","",0
"2023-03-27 15:15:17","Julian","r0","Tisch 1","F2","Schädling","Blattläuse","0","",0
"2023-03-27 15:15:18","Julian","r0","Tisch 1","E1","Schädling","Blattläuse","0","",0
"2023-03-27 15:15:53","Julian","r1","Tisch 2","H8","Schädling","Blattläuse","1 - 2","",0
"2023-03-27 15:16:24","Julian","r1","Tisch 2","F6","Schädling","Blattläuse","0","",0
"2023-03-27 15:17:02","Julian","r1","Tisch 2","G3","Schädling","Blattläuse","6 - 10","",0
"2023-03-27 15:17:28","Julian","r1","Tisch 2","E2","Schädling","Blattläuse","0","",0
"2023-03-27 15:17:40","Julian","r0","Tisch 3","F8","Schädling","Blattläuse","0","",0
"2023-03-27 15:17:49","Julian","r0","Tisch 3","G6","Schädling","Blattläuse","0","",0
"2023-03-27 15:18:03","Julian","r0","Tisch 3","E5","Schädling","Blattläuse","0","",0
"2023-03-27 15:18:14","Julian","r0","Tisch 3","H1","Schädling","Blattläuse","0","",0
"2023-03-27 15:18:24","Julian","r0","Tisch 4","F9","Schädling","Blattläuse","0","",0
"2023-03-27 15:18:39","Julian","r0","Tisch 4","E7","Schädling","Blattläuse","0","",0
"2023-03-27 15:18:50","Julian","r0","Tisch 4","H5","Schädling","Blattläuse","0","",0
"2023-03-27 15:18:56","Julian","r0","Tisch 4","G2","Schädling","Blattläuse","0","",0
"2023-03-27 15:20:24","Julian","r0","Tisch 8","C2","Schädling","Blattläuse","0","",0
"2023-03-27 15:20:49","Julian","r0","Tisch 8","B3","Schädling","Blattläuse","0","",0
"2023-03-27 15:21:01","Julian","r0","Tisch 8","A5","Schädling","Blattläuse","0","",0
"2023-03-27 15:21:06","Julian","r0","Tisch 7","D1","Schädling","Blattläuse","0","",0
"2023-03-27 15:21:45","Julian","r0","Tisch 7","A3","Schädling","Blattläuse","0","",0
"2023-03-27 15:22:01","Julian","r0","Tisch 7","B5","Schädling","Blattläuse","0","",0
"2023-03-27 15:22:17","Julian","r0","Tisch 7","C6","Schädling","Blattläuse","0","",0
"2023-03-27 15:22:31","Julian","r0","Tisch 6","D2","Schädling","Blattläuse","0","",0
"2023-03-27 15:22:46","Julian","r0","Tisch 6","C6","Schädling","Blattläuse","0","",0
"2023-03-27 15:22:57","Julian","r0","Tisch 6","A7","Schädling","Blattläuse","0","",0
"2023-03-27 15:23:27","Julian","r0","Tisch 6","B8","Schädling","Blattläuse","0","",0
"2023-03-27 15:23:44","Julian","r0","Tisch 5","C2","Schädling","Blattläuse","0","",0
"2023-03-27 15:24:01","Julian","r0","Tisch 5","D3","Schädling","Blattläuse","0","",0
"2023-03-27 15:24:14","Julian","r0","Tisch 5","A4","Schädling","Blattläuse","0","",0
"2023-03-27 15:24:38","Julian","r0","Tisch 5","E5","Schädling","Blattläuse","0","",0
"2023-03-27 15:24:41","Julian","r0","Tisch 5","B6","Schädling","Blattläuse","0","",0
"2023-03-27 15:24:49","Julian","r0","Tisch 5","F6","Schädling","Blattläuse","0","",0
"2023-03-27 15:25:07","Julian","r0","Tisch 5","H4","Schädling","Blattläuse","0","",0
"2023-03-27 15:25:15","Julian","r0","Tisch 5","I3","Schädling","Blattläuse","0","",0
"2023-03-27 15:25:44","Julian","r0","Tisch 5","G1","Schädling","Blattläuse","0","",0
"2023-03-27 15:25:45","Julian","r0","Tisch 6","G9","Schädling","Blattläuse","0","",0
"2023-03-27 15:26:30","Julian","r0","Tisch 6","E5","Schädling","Blattläuse","0","",0
"2023-03-27 15:26:38","Julian","r0","Tisch 6","F4","Schädling","Blattläuse","0","",0
"2023-03-27 15:26:46","Julian","r0","Tisch 6","H3","Schädling","Blattläuse","0","",0
"2023-03-27 15:26:59","Julian","r0","Tisch 6","H1","Schädling","Blattläuse","0","",0
"2023-03-27 15:27:12","Julian","r0","Tisch 7","F6","Schädling","Blattläuse","0","",0
"2023-03-27 15:27:49","Julian","r0","Tisch 7","I4","Schädling","Blattläuse","0","",0
"2023-03-27 15:27:50","Julian","r0","Tisch 7","E4","Schädling","Blattläuse","0","",0
"2023-03-27 15:28:08","Julian","r0","Tisch 7","H2","Schädling","Blattläuse","0","",0
"2023-03-27 15:28:21","Julian","r0","Tisch 7","G1","Schädling","Blattläuse","0","",0
"2023-03-27 15:28:37","Julian","r0","Tisch 8","D5","Schädling","Blattläuse","0","",0
"2023-03-27 15:28:48","Julian","r0","Tisch 8","F4","Schädling","Blattläuse","0","",0
"2023-03-27 15:30:01","Julian","r0","Tisch 8","E1","Schädling","Blattläuse","1 - 2","",0
"2023-03-30 08:08:18","Katja","r0","Tisch 4","C1","Schädling","Blattläuse","0","",0
"2023-03-30 08:08:30","Katja","r0","Tisch 4","A4","Schädling","Blattläuse","0","",0
"2023-03-30 08:08:58","Katja","r0","Tisch 4","A8","Schädling","Blattläuse","0","",0
"2023-03-30 08:09:57","Katja","r0","Tisch 4","B6","Schädling","Blattläuse","0","",0
"2023-03-30 08:10:41","Katja","r0","Tisch 4","D4","Schädling","Blattläuse","0","",0
"2023-03-30 08:11:00","Katja","r0","Tisch 3","A3","Schädling","Blattläuse","0","",0
"2023-03-30 08:11:42","Katja","r0","Tisch 3","A6","Schädling","Blattläuse","0","",0
"2023-03-30 08:11:46","Katja","r0","Tisch 3","B7","Schädling","Blattläuse","0","",0
"2023-03-30 08:11:57","Katja","r0","Tisch 3","B7","Schädling","Blattläuse","0","",0
"2023-03-30 08:12:05","Katja","r0","Tisch 3","C2","Schädling","Blattläuse","0","",0
"2023-03-30 08:12:15","Katja","r0","Tisch 3","D9","Schädling","Blattläuse","0","",0
"2023-03-30 08:13:13","Katja","r1","Tisch 2","B1","Schädling","Blattläuse","0","",0
"2023-03-30 08:13:15","Katja","r1","Tisch 2","A2","Schädling","Blattläuse","0","",0
"2023-03-30 08:13:18","Katja","r1","Tisch 2","A5","Schädling","Blattläuse","0","",0
"2023-03-30 08:13:59","Katja","r1","Tisch 2","C9","Schädling","Blattläuse","6 - 10","",0
"2023-03-30 08:14:26","Katja","r1","Tisch 2","D7","Schädling","Blattläuse","0","",0
"2023-03-30 08:14:47","Katja","r0","Tisch 1","A3","Schädling","Blattläuse","0","",0
"2023-03-30 08:14:57","Katja","r0","Tisch 1","B4","Schädling","Blattläuse","0","",0
"2023-03-30 08:15:23","Katja","r0","Tisch 1","D7","Schädling","Blattläuse","0","",0
"2023-03-30 08:15:25","Katja","r0","Tisch 1","C7","Schädling","Blattläuse","0","",0
"2023-03-30 08:16:07","Katja","r0","Tisch 1","H6","Schädling","Blattläuse","0","",0
"2023-03-30 08:16:23","Katja","r0","Tisch 1","G5","Schädling","Blattläuse","0","",0
"2023-03-30 08:16:27","Katja","r0","Tisch 1","F2","Schädling","Blattläuse","0","",0
"2023-03-30 08:16:31","Katja","r0","Tisch 1","E1","Schädling","Blattläuse","0","",0
"2023-03-30 08:17:41","Katja","r1","Tisch 2","H8","Schädling","Blattläuse","0","",0
"2023-03-30 08:17:42","Katja","r1","Tisch 2","F6","Schädling","Blattläuse","0","",0
"2023-03-30 08:18:09","Katja","r1","Tisch 2","G3","Schädling","Blattläuse","1 - 2","",0
"2023-03-30 08:18:22","Katja","r1","Tisch 2","E2","Schädling","Blattläuse","0","",0
"2023-03-30 08:18:34","Katja","r0","Tisch 3","F8","Schädling","Blattläuse","0","",0
"2023-03-30 08:19:50","Katja","r0","Tisch 3","G6","Schädling","Blattläuse","0","trockene, braune, papyrusartige Stelle am Blatt",0
"2023-03-30 08:19:59","Katja","r0","Tisch 3","E5","Schädling","Blattläuse","0","",0
"2023-03-30 08:20:53","Katja","r0","Tisch 4","F9","Schädling","Blattläuse","0","Blatt verkrüppel",0
"2023-03-30 08:21:03","Katja","r0","Tisch 4","E7","Schädling","Blattläuse","0","",0
"2023-03-30 08:21:05","Katja","r0","Tisch 4","H5","Schädling","Blattläuse","0","",0
"2023-03-30 08:21:14","Katja","r0","Tisch 4","G2","Schädling","Blattläuse","0","",0
"2023-03-30 08:55:11","Katja","r0","Tisch 8","E1","Schädling","Blattläuse","0","Frasschäden",0
"2023-03-30 08:55:46","Katja","r0","Tisch 8","F4","Schädling","Blattläuse","0","",0
"2023-03-30 08:56:21","Katja","r0","Tisch 8","D5","Schädling","Blattläuse","0","",0
"2023-03-30 08:56:21","Katja","r0","Tisch 8","F4","Schädling","Blattläuse","0","",0
"2023-03-30 08:57:08","Katja","r0","Tisch 8","C2","Schädling","Blattläuse","0","",0
"2023-03-30 08:57:22","Katja","r0","Tisch 8","B3","Schädling","Blattläuse","1 - 2","",0
"2023-03-30 08:57:31","Katja","r0","Tisch 8","A5","Schädling","Blattläuse","0","",0
"2023-03-30 08:57:41","Katja","r0","Tisch 7","D1","Schädling","Blattläuse","0","",0
"2023-03-30 08:57:48","Katja","r0","Tisch 7","A3","Schädling","Blattläuse","0","",0
"2023-03-30 08:57:56","Katja","r0","Tisch 7","B5","Schädling","Blattläuse","0","",0
"2023-03-30 08:58:18","Katja","r0","Tisch 7","C6","Schädling","Blattläuse","1 - 2","",0
"2023-03-30 08:58:18","Katja","r0","Tisch 6","D2","Schädling","Blattläuse","1 - 2","",0
"2023-03-30 08:58:27","Katja","r0","Tisch 6","D2","Schädling","Blattläuse","0","",0
"2023-03-30 08:58:39","Katja","r0","Tisch 6","C6","Schädling","Blattläuse","1 - 2","",0
"2023-03-30 08:58:56","Katja","r0","Tisch 6","B8","Schädling","Blattläuse","1 - 2","",0
"2023-03-30 08:59:02","Katja","r0","Tisch 6","A7","Schädling","Blattläuse","0","",0
"2023-03-30 08:59:16","Katja","r0","Tisch 5","C2","Schädling","Blattläuse","0","",0
"2023-03-30 08:59:22","Katja","r0","Tisch 5","D3","Schädling","Blattläuse","0","",0
"2023-03-30 08:59:28","Katja","r0","Tisch 7","H2","Schädling","Blattläuse","0","",0
"2023-03-30 08:59:40","Katja","r0","Tisch 5","A4","Schädling","Blattläuse","0","",0
"2023-03-30 09:00:07","Katja","r0","Tisch 5","B6","Schädling","Blattläuse","1 - 2","Gemüseeule",0
"2023-03-30 09:00:21","Katja","r0","Tisch 5","E5","Schädling","Blattläuse","0","",0
"2023-03-30 09:00:30","Katja","r0","Tisch 5","F6","Schädling","Blattläuse","0","",0
"2023-03-30 09:01:04","Katja","r0","Tisch 5","H4","Schädling","Blattläuse","1 - 2","Gemüseeule",0
"2023-03-30 09:01:05","Katja","r0","Tisch 5","I3","Schädling","Blattläuse","1 - 2","Gemüseeule",0
"2023-03-30 09:02:44","Katja","r0","Tisch 7","I4","Schädling","Blattläuse","1 - 2","Gemüseeule und eine Art Pilz",0
"2023-03-30 09:02:44","Katja","r0","Tisch 7","E4","Schädling","Blattläuse","1 - 2","Gemüseeule und eine Art Pilz",0
"2023-03-30 09:04:49","Katja","r0","Tisch 5","I3","Schädling","Blattläuse","1 - 2","Gemüseeule",0
"2023-03-30 09:05:08","Katja","r0","Tisch 5","G1","Schädling","Blattläuse","1 - 2","Gemüseeule",0
"2023-03-30 09:05:24","Katja","r0","Tisch 6","G9","Schädling","Blattläuse","1 - 2","",0
"2023-03-30 09:05:42","Katja","r0","Tisch 6","E5","Schädling","Blattläuse","1 - 2","Gemüseeule",0
"2023-03-30 09:05:45","Katja","r0","Tisch 6","F4","Schädling","Blattläuse","1 - 2","Gemüseeule",0
"2023-03-30 09:05:45","Katja","r0","Tisch 6","H3","Schädling","Blattläuse","1 - 2","Gemüseeule",0
"2023-03-30 09:05:56","Katja","r0","Tisch 6","H1","Schädling","Blattläuse","1 - 2","Gemüseeule",0
"2023-03-30 09:05:57","Katja","r0","Tisch 7","F6","Schädling","Blattläuse","1 - 2","Gemüseeule",0
"2023-03-30 09:13:09","Katja","r0","Tisch 9","A2","Schädling","Thrips","1 - 2","1 Blatt befallen",0
"2023-03-30 09:13:24","Katja","r0","Tisch 9","D3","Schädling","Thrips","1 - 2","1 Blatt befallen",0
"2023-03-30 09:13:46","Katja","r0","Tisch 9","C4","Schädling","Thrips","1 - 2","2 Blätter befallen",0
"2023-03-30 09:13:54","Katja","r0","Tisch 9","B6","Schädling","Thrips","1 - 2","3 Blätter befallen",0
"2023-03-30 09:13:54","Katja","r0","Tisch 9","G7","Schädling","Thrips","1 - 2","3 Blätter befallen",0
"2023-03-30 09:14:00","Katja","r0","Tisch 9","G7","Schädling","Thrips","1 - 2","3 Blätter befallen",0
"2023-03-30 09:14:17","Katja","r0","Tisch 9","E5","Schädling","Thrips","0","",0
"2023-03-30 09:14:28","Katja","r0","Tisch 9","H6","Schädling","Thrips","1 - 2","1 Blatt befallen",0
"2023-03-30 09:15:18","Katja","r0","Tisch 9","F1","Schädling","Blattläuse","1 - 2","1 Gemüseeule und 1 Blattlaus",0
"2023-04-03 12:38:49","Julian","r2","Tisch 8","E1","Schädling","Spannerraupe","1 - 2","",0
"2023-04-03 12:38:47","Julian","r2","Tisch 8","F4","Schädling","Spannerraupe","0","",0
"2023-04-03 12:38:07","Julian","r2","Tisch 8","D5","Schädling","Spannerraupe","0","",0
"2023-04-03 12:38:01","Julian","r2","Tisch 7","G1","Schädling","Spannerraupe","0","",0
"2023-04-03 12:37:44","Julian","r2","Tisch 7","H2","Schädling","Spannerraupe","0","",0
"2023-04-03 12:37:23","Julian","r2","Tisch 7","E4","Schädling","Spannerraupe","0","",0
"2023-04-03 12:37:19","Julian","r2","Tisch 7","I4","Schädling","Spannerraupe","1 - 2","",0
"2023-04-03 12:36:24","Julian","r2","Tisch 7","F6","Schädling","Spannerraupe","0","",0
"2023-04-03 12:36:17","Julian","r2","Tisch 6","H1","Schädling","Spannerraupe","1 - 2","",0
"2023-04-03 12:35:48","Julian","r2","Tisch 6","H3","Schädling","Spannerraupe","1 - 2","",0
"2023-04-03 12:35:45","Julian","r2","Tisch 6","F4","Schädling","Spannerraupe","0","",0
"2023-04-03 12:34:53","Julian","r2","Tisch 6","E5","Schädling","Spannerraupe","0","",0
"2023-04-03 12:34:44","Julian","r2","Tisch 6","G9","Schädling","Spannerraupe","0","",0
"2023-04-03 12:34:24","Julian","r0","Tisch 5","G1","Schädling","Blattläuse","1 - 2","",0
"2023-04-03 12:34:08","Julian","r2","Tisch 5","G1","Schädling","Spannerraupe","1 - 2","",0
"2023-04-03 12:33:22","Julian","r2","Tisch 5","H4","Schädling","Spannerraupe","1 - 2","",0
"2023-04-03 12:33:22","Julian","r2","Tisch 5","I3","Schädling","Spannerraupe","1 - 2","",0
"2023-04-03 12:32:11","Julian","r2","Tisch 5","F6","Schädling","Spannerraupe","0","",0
"2023-04-03 12:32:02","Julian","r2","Tisch 5","B6","Schädling","Spannerraupe","1 - 2","",0
"2023-04-03 12:31:35","Julian","r2","Tisch 5","E5","Schädling","Spannerraupe","0","",0
"2023-04-03 12:31:10","Julian","r2","Tisch 5","A4","Schädling","Spannerraupe","1 - 2","",0
"2023-04-03 12:30:41","Julian","r2","Tisch 5","D3","Schädling","Spannerraupe","0","",0
"2023-04-03 12:30:27","Julian","r2","Tisch 5","C2","Schädling","Spannerraupe","1 - 2","",0
"2023-04-03 12:29:58","Julian","r2","Tisch 6","B8","Schädling","Spannerraupe","0","",0
"2023-04-03 12:29:50","Julian","r2","Tisch 6","A7","Schädling","Spannerraupe","0","",0
"2023-04-03 12:29:11","Julian","r2","Tisch 6","C6","Schädling","Spannerraupe","0","",0
"2023-04-03 12:29:05","Julian","r2","Tisch 6","D2","Schädling","Spannerraupe","0","",0
"2023-04-03 12:29:03","Julian","r2","Tisch 7","C6","Schädling","Spannerraupe","0","",0
"2023-04-03 12:28:34","Julian","r2","Tisch 7","B5","Schädling","Spannerraupe","0","",0
"2023-04-03 12:28:05","Julian","r2","Tisch 7","A3","Schädling","Spannerraupe","0","",0
"2023-04-03 12:27:29","Julian","r2","Tisch 7","D1","Schädling","Spannerraupe","0","",0
"2023-04-03 12:27:08","Julian","r2","Tisch 8","A5","Schädling","Spannerraupe","0","",0
"2023-04-03 12:26:27","Julian","r2","Tisch 8","B3","Schädling","Spannerraupe","0","",0
"2023-04-03 12:26:14","Julian","r2","Tisch 8","C2","Schädling","Spannerraupe","0","",0
"2023-04-03 12:24:33","Julian","r1","Tisch 2","E2","Schädling","Blattläuse","1 - 2","",0
"2023-04-03 12:24:00","Julian","r1","Tisch 2","G3","Schädling","Blattläuse","3 - 5","",0
"2023-04-03 12:23:25","Julian","r1","Tisch 2","F6","Schädling","Blattläuse","3 - 5","",0
"2023-04-03 12:23:13","Julian","r1","Tisch 2","H8","Schädling","Blattläuse","0","",0
"2023-04-03 12:22:44","Julian","r1","Tisch 2","C9","Schädling","Blattläuse","1 - 2","",0
"2023-04-03 12:22:22","Julian","r1","Tisch 2","D7","Schädling","Blattläuse","0","",0
"2023-04-03 12:21:52","Julian","r1","Tisch 2","A5","Schädling","Blattläuse","11 - 20","",0
"2023-04-03 12:21:02","Julian","r1","Tisch 2","A2","Schädling","Blattläuse","1 - 2","",0
"2023-04-03 12:20:08","Julian","r1","Tisch 2","B1","Schädling","Blattläuse","0","",0
"2023-04-06 11:37:07","Katja","r3","Tisch 9","A2","Schädling","Trips","bis 25","",0
"2023-04-06 11:37:22","Katja","r3","Tisch 9","B6","Schädling","Trips","bis 25","",0
"2023-04-06 11:37:38","Katja","r3","Tisch 9","C4","Schädling","Trips","bis 25","",0
"2023-04-06 11:37:58","Katja","r3","Tisch 9","E5","Schädling","Trips","0","",0
"2023-04-06 11:38:14","Katja","r3","Tisch 9","G7","Schädling","Trips","bis 25","",0
"2023-04-06 11:38:50","Katja","r3","Tisch 9","D3","Schädling","Trips","0","",0
"2023-04-06 11:39:08","Katja","r3","Tisch 9","H6","Schädling","Trips","bis 25","",0
"2023-04-06 11:39:27","Katja","r3","Tisch 9","F1","Schädling","Trips","bis 25","",0
"2023-04-06 11:41:53","Katja","r2","Tisch 8","C2","Schädling","Spannerraupe","0","",0
"2023-04-06 11:41:55","Katja","r2","Tisch 8","B3","Schädling","Spannerraupe","0","",0
"2023-04-06 11:42:03","Katja","r2","Tisch 8","A5","Schädling","Spannerraupe","0","",0
"2023-04-06 11:42:05","Katja","r2","Tisch 7","D1","Schädling","Spannerraupe","0","",0
"2023-04-06 11:42:10","Katja","r2","Tisch 7","A3","Schädling","Spannerraupe","0","",0
"2023-04-06 11:42:14","Katja","r2","Tisch 7","B5","Schädling","Spannerraupe","0","",0
"2023-04-06 11:42:20","Katja","r2","Tisch 7","C6","Schädling","Spannerraupe","0","",0
"2023-04-06 11:42:34","Katja","r2","Tisch 6","D2","Schädling","Spannerraupe","0","",0
"2023-04-06 11:42:41","Katja","r2","Tisch 6","C6","Schädling","Spannerraupe","0","",0
"2023-04-06 11:42:51","Katja","r2","Tisch 6","A7","Schädling","Spannerraupe","0","",0
"2023-04-06 11:42:53","Katja","r2","Tisch 6","B8","Schädling","Spannerraupe","0","",0
"2023-04-06 11:43:12","Katja","r2","Tisch 5","C2","Schädling","Spannerraupe","1 - 2","",0
"2023-04-06 11:43:19","Katja","r2","Tisch 5","D3","Schädling","Spannerraupe","0","",0
"2023-04-06 11:43:31","Katja","r2","Tisch 5","A4","Schädling","Spannerraupe","0","",0
"2023-04-06 11:44:04","Katja","r2","Tisch 5","B6","Schädling","Spannerraupe","1 - 2","",0
"2023-04-06 11:44:08","Katja","r2","Tisch 5","E5","Schädling","Spannerraupe","0","",0
"2023-04-06 11:44:32","Katja","r2","Tisch 5","H4","Schädling","Spannerraupe","0","",0
"2023-04-06 11:45:34","Katja","r2","Tisch 5","I3","Schädling","Spannerraupe","0","",0
"2023-04-06 11:45:35","Katja","r2","Tisch 5","G1","Schädling","Spannerraupe","0","",0
"2023-04-06 11:45:41","Katja","r2","Tisch 6","G9","Schädling","Spannerraupe","0","",0
"2023-04-06 11:45:56","Katja","r2","Tisch 6","E5","Schädling","Spannerraupe","1 - 2","",0
"2023-04-06 11:46:38","Katja","r2","Tisch 6","H3","Schädling","Spannerraupe","0","",0
"2023-04-06 11:46:46","Katja","r2","Tisch 6","F4","Schädling","Spannerraupe","0","",0
"2023-04-06 11:47:04","Katja","r2","Tisch 6","H1","Schädling","Spannerraupe","0","",0
"2023-04-06 11:47:07","Katja","r2","Tisch 7","F6","Schädling","Spannerraupe","0","",0
"2023-04-06 11:47:12","Katja","r2","Tisch 7","E4","Schädling","Spannerraupe","0","",0
"2023-04-06 11:47:22","Katja","r2","Tisch 7","I4","Schädling","Spannerraupe","1 - 2","",0
"2023-04-06 11:47:29","Katja","r2","Tisch 7","H2","Schädling","Spannerraupe","0","",0
"2023-04-06 11:47:37","Katja","r2","Tisch 7","G1","Schädling","Spannerraupe","0","",0
"2023-04-06 11:47:39","Katja","r2","Tisch 8","D5","Schädling","Spannerraupe","0","",0
"2023-04-06 11:47:46","Katja","r2","Tisch 8","F4","Schädling","Spannerraupe","0","",0
"2023-04-06 11:47:53","Katja","r2","Tisch 8","E1","Schädling","Spannerraupe","1 - 2","",0
"2023-04-06 11:48:51","Katja","r1","Tisch 2","B1","Schädling","Blattläuse","1 - 2","",0
"2023-04-06 11:49:48","Katja","r1","Tisch 2","A2","Schädling","Blattläuse","0","",0
"2023-04-06 11:50:07","Katja","r1","Tisch 2","A5","Schädling","Blattläuse","6 - 10","",0
"2023-04-06 11:50:36","Katja","r1","Tisch 2","D7","Schädling","Blattläuse","0","",0
"2023-04-06 11:50:37","Katja","r1","Tisch 2","C9","Schädling","Blattläuse","0","",0
"2023-04-06 11:51:02","Katja","r1","Tisch 2","E2","Schädling","Blattläuse","1 - 2","",0
"2023-04-06 11:51:26","Katja","r1","Tisch 2","F6","Schädling","Blattläuse","1 - 2","",0
"2023-04-06 11:52:02","Katja","r1","Tisch 2","G3","Schädling","Blattläuse","0","",0
"2023-04-06 11:52:10","Katja","r1","Tisch 2","H8","Schädling","Blattläuse","0","",0
"2023-04-11 12:32:31","Julian","r3","Tisch 9","A2","Schädling","Trips","bis 25","",0
"2023-04-11 12:32:48","Julian","r3","Tisch 9","D3","Schädling","Trips","0","",0
"2023-04-11 12:33:05","Julian","r3","Tisch 9","C4","Schädling","Trips","bis 25","",0
"2023-04-11 12:33:35","Julian","r3","Tisch 9","B6","Schädling","Trips","bis 25","",0
"2023-04-11 12:33:53","Julian","r3","Tisch 9","G7","Schädling","Trips","bis 50","",0
"2023-04-11 12:34:23","Julian","r3","Tisch 9","H6","Schädling","Trips","bis 50","",0
"2023-04-11 12:34:27","Julian","r3","Tisch 9","E5","Schädling","Trips","0","",0
"2023-04-11 12:34:38","Julian","r3","Tisch 9","F1","Schädling","Trips","bis 50","",0
"2023-04-11 12:35:30","Julian","r2","Tisch 8","C2","Schädling","Spannerraupe","0","",0
"2023-04-11 12:35:46","Julian","r2","Tisch 8","B3","Schädling","Spannerraupe","0","",0
"2023-04-11 12:36:10","Julian","r2","Tisch 8","A5","Schädling","Spannerraupe","0","",0
"2023-04-11 12:36:21","Julian","r2","Tisch 7","D1","Schädling","Spannerraupe","0","",0
"2023-04-11 12:36:39","Julian","r2","Tisch 7","A3","Schädling","Spannerraupe","0","",0
"2023-04-11 12:37:05","Julian","r2","Tisch 7","B5","Schädling","Spannerraupe","0","",0
"2023-04-11 12:37:39","Julian","r2","Tisch 7","C6","Schädling","Spannerraupe","0","",0
"2023-04-11 12:38:11","Julian","r2","Tisch 6","D2","Schädling","Spannerraupe","0","",0
"2023-04-11 12:38:39","Julian","r2","Tisch 6","C6","Schädling","Spannerraupe","0","",0
"2023-04-11 12:39:03","Julian","r2","Tisch 6","A7","Schädling","Spannerraupe","0","",0
"2023-04-11 12:39:32","Julian","r2","Tisch 6","B8","Schädling","Spannerraupe","0","",0
"2023-04-11 12:39:43","Julian","r2","Tisch 5","C2","Schädling","Spannerraupe","0","",0
"2023-04-11 12:41:09","Julian","r2","Tisch 5","D3","Schädling","Spannerraupe","0","",0
"2023-04-11 12:41:21","Julian","r2","Tisch 5","A4","Schädling","Spannerraupe","0","",0
"2023-04-11 12:41:21","Julian","r2","Tisch 5","E5","Schädling","Spannerraupe","0","",0
"2023-04-11 12:41:22","Julian","r2","Tisch 5","B6","Schädling","Spannerraupe","0","",0
"2023-04-11 12:41:22","Julian","r2","Tisch 5","F6","Schädling","Spannerraupe","0","",0
"2023-04-11 12:41:23","Julian","r2","Tisch 5","H4","Schädling","Spannerraupe","0","",0
"2023-04-11 12:41:23","Julian","r2","Tisch 5","I3","Schädling","Spannerraupe","0","",0
"2023-04-11 12:41:24","Julian","r2","Tisch 5","G1","Schädling","Spannerraupe","0","",0
"2023-04-11 12:41:25","Julian","r2","Tisch 6","G9","Schädling","Spannerraupe","0","",0
"2023-04-11 12:41:25","Julian","r2","Tisch 6","E5","Schädling","Spannerraupe","0","",0
"2023-04-11 12:41:26","Julian","r2","Tisch 6","F4","Schädling","Spannerraupe","0","",0
"2023-04-11 12:41:27","Julian","r2","Tisch 6","H3","Schädling","Spannerraupe","0","",0
"2023-04-11 12:41:28","Julian","r2","Tisch 6","H1","Schädling","Spannerraupe","0","",0
"2023-04-11 12:41:29","Julian","r2","Tisch 7","F6","Schädling","Spannerraupe","0","",0
"2023-04-11 12:41:29","Julian","r2","Tisch 7","I4","Schädling","Spannerraupe","0","",0
"2023-04-11 12:41:29","Julian","r2","Tisch 7","E4","Schädling","Spannerraupe","0","",0
"2023-04-11 12:41:29","Julian","r2","Tisch 7","H2","Schädling","Spannerraupe","0","",0
"2023-04-11 12:41:30","Julian","r2","Tisch 7","G1","Schädling","Spannerraupe","0","",0
"2023-04-11 12:41:30","Julian","r2","Tisch 8","D5","Schädling","Spannerraupe","0","",0
"2023-04-11 12:41:31","Julian","r2","Tisch 8","F4","Schädling","Spannerraupe","0","",0
"2023-04-11 12:42:46","Julian","r2","Tisch 8","E1","Schädling","Spannerraupe","0","",0
"2023-04-11 12:32:31","Julian","r3","Tisch 9","A2","Schädling","Trips","bis 25","",0
"2023-04-11 12:32:48","Julian","r3","Tisch 9","D3","Schädling","Trips","0","",0
"2023-04-11 12:33:05","Julian","r3","Tisch 9","C4","Schädling","Trips","bis 25","",0
"2023-04-11 12:33:35","Julian","r3","Tisch 9","B6","Schädling","Trips","bis 25","",0
"2023-04-11 12:33:53","Julian","r3","Tisch 9","G7","Schädling","Trips","bis 50","",0
"2023-04-11 12:34:23","Julian","r3","Tisch 9","H6","Schädling","Trips","bis 50","",0
"2023-04-11 12:34:27","Julian","r3","Tisch 9","E5","Schädling","Trips","0","",0
"2023-04-11 12:34:38","Julian","r3","Tisch 9","F1","Schädling","Trips","bis 50","",0
"2023-04-11 12:35:30","Julian","r2","Tisch 8","C2","Schädling","Spannerraupe","0","",0
"2023-04-11 12:35:46","Julian","r2","Tisch 8","B3","Schädling","Spannerraupe","0","",0
"2023-04-11 12:36:10","Julian","r2","Tisch 8","A5","Schädling","Spannerraupe","0","",0
"2023-04-11 12:36:21","Julian","r2","Tisch 7","D1","Schädling","Spannerraupe","0","",0
"2023-04-11 12:36:39","Julian","r2","Tisch 7","A3","Schädling","Spannerraupe","0","",0
"2023-04-11 12:37:05","Julian","r2","Tisch 7","B5","Schädling","Spannerraupe","0","",0
"2023-04-11 12:37:39","Julian","r2","Tisch 7","C6","Schädling","Spannerraupe","0","",0
"2023-04-11 12:38:11","Julian","r2","Tisch 6","D2","Schädling","Spannerraupe","0","",0
"2023-04-11 12:38:39","Julian","r2","Tisch 6","C6","Schädling","Spannerraupe","0","",0
"2023-04-11 12:39:03","Julian","r2","Tisch 6","A7","Schädling","Spannerraupe","0","",0
"2023-04-11 12:39:32","Julian","r2","Tisch 6","B8","Schädling","Spannerraupe","0","",0
"2023-04-11 12:39:43","Julian","r2","Tisch 5","C2","Schädling","Spannerraupe","0","",0
"2023-04-11 12:41:09","Julian","r2","Tisch 5","D3","Schädling","Spannerraupe","0","",0
"2023-04-11 12:41:21","Julian","r2","Tisch 5","A4","Schädling","Spannerraupe","0","",0
"2023-04-11 12:41:21","Julian","r2","Tisch 5","E5","Schädling","Spannerraupe","0","",0
"2023-04-11 12:41:22","Julian","r2","Tisch 5","B6","Schädling","Spannerraupe","0","",0
"2023-04-11 12:41:22","Julian","r2","Tisch 5","F6","Schädling","Spannerraupe","0","",0
"2023-04-11 12:41:23","Julian","r2","Tisch 5","H4","Schädling","Spannerraupe","0","",0
"2023-04-11 12:41:23","Julian","r2","Tisch 5","I3","Schädling","Spannerraupe","0","",0
"2023-04-11 12:41:24","Julian","r2","Tisch 5","G1","Schädling","Spannerraupe","0","",0
"2023-04-11 12:41:25","Julian","r2","Tisch 6","G9","Schädling","Spannerraupe","0","",0
"2023-04-11 12:41:25","Julian","r2","Tisch 6","E5","Schädling","Spannerraupe","0","",0
"2023-04-11 12:41:26","Julian","r2","Tisch 6","F4","Schädling","Spannerraupe","0","",0
"2023-04-11 12:41:27","Julian","r2","Tisch 6","H3","Schädling","Spannerraupe","0","",0
"2023-04-11 12:41:28","Julian","r2","Tisch 6","H1","Schädling","Spannerraupe","0","",0
"2023-04-11 12:41:29","Julian","r2","Tisch 7","F6","Schädling","Spannerraupe","0","",0
"2023-04-11 12:41:29","Julian","r2","Tisch 7","I4","Schädling","Spannerraupe","0","",0
"2023-04-11 12:41:29","Julian","r2","Tisch 7","E4","Schädling","Spannerraupe","0","",0
"2023-04-11 12:41:29","Julian","r2","Tisch 7","H2","Schädling","Spannerraupe","0","",0
"2023-04-11 12:41:30","Julian","r2","Tisch 7","G1","Schädling","Spannerraupe","0","",0
"2023-04-11 12:41:30","Julian","r2","Tisch 8","D5","Schädling","Spannerraupe","0","",0
"2023-04-11 12:41:31","Julian","r2","Tisch 8","F4","Schädling","Spannerraupe","0","",0
"2023-04-11 12:42:46","Julian","r2","Tisch 8","E1","Schädling","Spannerraupe","0","",0
"2023-04-11 12:43:35","Julian","r1","Tisch 2","H8","Schädling","Blattläuse","1 - 2","",0
"2023-04-11 12:43:57","Julian","r1","Tisch 2","B1","Schädling","Blattläuse","11 - 20","",0
"2023-04-11 12:44:27","Julian","r1","Tisch 2","F6","Schädling","Blattläuse","0","",0
"2023-04-11 12:44:48","Julian","r1","Tisch 2","A2","Schädling","Blattläuse","21 - 50","",0
"2023-04-11 12:45:08","Julian","r1","Tisch 2","G3","Schädling","Blattläuse","0","",0
"2023-04-11 12:45:39","Julian","r1","Tisch 2","A5","Schädling","Blattläuse","21 - 50","",0
"2023-04-11 12:46:27","Julian","r1","Tisch 2","E2","Schädling","Blattläuse","0","",0
"2023-04-11 12:46:36","Julian","r1","Tisch 2","D7","Schädling","Blattläuse","1 - 2","",0
"2023-04-11 12:47:00","Julian","r1","Tisch 2","C9","Schädling","Blattläuse","11 - 20","",0
"2023-04-13 17:57:10","Chloé","r3","Tisch 9","A2","Schädling","Trips","bis 25","",0
"2023-04-13 17:57:27","Chloé","r3","Tisch 9","D3","Schädling","Trips","0","",0
"2023-04-13 17:57:41","Chloé","r3","Tisch 9","C4","Schädling","Trips","bis 25","",0
"2023-04-13 17:58:04","Chloé","r3","Tisch 9","B6","Schädling","Trips","bis 25","",0
"2023-04-13 17:58:21","Chloé","r3","Tisch 9","G7","Schädling","Trips","bis 25","",0
"2023-04-13 17:58:32","Chloé","r3","Tisch 9","H6","Schädling","Trips","bis 25","",0
"2023-04-13 17:58:42","Chloé","r3","Tisch 9","E5","Schädling","Trips","0","",0
"2023-04-13 17:59:17","Chloé","r3","Tisch 9","F1","Schädling","Trips","bis 25","",0
"2023-04-13 18:01:20","Chloé","r2","Tisch 8","E1","Schädling","Spannerraupe","0","",0
"2023-04-13 18:01:28","Chloé","r2","Tisch 8","F4","Schädling","Spannerraupe","0","",0
"2023-04-13 18:01:35","Chloé","r2","Tisch 8","D5","Schädling","Spannerraupe","0","",0
"2023-04-13 18:01:52","Chloé","r2","Tisch 7","G1","Schädling","Spannerraupe","0","",0
"2023-04-13 18:01:57","Chloé","r2","Tisch 7","H2","Schädling","Spannerraupe","0","",0
"2023-04-13 18:02:07","Chloé","r2","Tisch 7","I4","Schädling","Spannerraupe","0","",0
"2023-04-13 18:02:16","Chloé","r2","Tisch 7","E4","Schädling","Spannerraupe","0","",0
"2023-04-13 18:02:27","Chloé","r2","Tisch 7","F6","Schädling","Spannerraupe","0","",0
"2023-04-13 18:02:38","Chloé","r2","Tisch 6","H1","Schädling","Spannerraupe","0","",0
"2023-04-13 18:02:50","Chloé","r2","Tisch 6","H3","Schädling","Spannerraupe","0","",0
"2023-04-13 18:03:05","Chloé","r2","Tisch 6","F4","Schädling","Spannerraupe","0","",0
"2023-04-13 18:03:13","Chloé","r2","Tisch 6","E5","Schädling","Spannerraupe","0","",0
"2023-04-13 18:03:25","Chloé","r2","Tisch 6","G9","Schädling","Spannerraupe","0","",0
"2023-04-13 18:03:42","Chloé","r2","Tisch 5","G1","Schädling","Spannerraupe","0","",0
"2023-04-13 18:03:52","Chloé","r2","Tisch 5","I3","Schädling","Spannerraupe","0","",0
"2023-04-13 18:04:15","Chloé","r2","Tisch 5","H4","Schädling","Spannerraupe","0","",0
"2023-04-13 18:04:28","Chloé","r2","Tisch 5","F6","Schädling","Spannerraupe","0","",0
"2023-04-13 18:04:52","Chloé","r2","Tisch 5","B6","Schädling","Spannerraupe","0","",0
"2023-04-13 18:05:00","Chloé","r2","Tisch 5","E5","Schädling","Spannerraupe","0","",0
"2023-04-13 18:05:10","Chloé","r2","Tisch 5","D3","Schädling","Spannerraupe","0","",0
"2023-04-13 18:05:23","Chloé","r2","Tisch 5","C2","Schädling","Spannerraupe","0","",0
"2023-04-13 18:05:29","Chloé","r2","Tisch 5","A4","Schädling","Spannerraupe","0","",0
"2023-04-13 18:06:00","Chloé","r2","Tisch 6","B8","Schädling","Spannerraupe","0","",0
"2023-04-13 18:06:08","Chloé","r2","Tisch 6","A7","Schädling","Spannerraupe","0","",0
"2023-04-13 18:06:17","Chloé","r2","Tisch 6","C6","Schädling","Spannerraupe","0","",0
"2023-04-13 18:06:28","Chloé","r2","Tisch 6","D2","Schädling","Spannerraupe","0","",0
"2023-04-13 18:06:35","Chloé","r2","Tisch 7","C6","Schädling","Spannerraupe","0","",0
"2023-04-13 18:06:44","Chloé","r2","Tisch 7","B5","Schädling","Spannerraupe","0","",0
"2023-04-13 18:06:53","Chloé","r2","Tisch 7","A3","Schädling","Spannerraupe","0","",0
"2023-04-13 18:06:59","Chloé","r2","Tisch 7","D1","Schädling","Spannerraupe","0","",0
"2023-04-13 18:07:08","Chloé","r2","Tisch 8","A5","Schädling","Spannerraupe","0","",0
"2023-04-13 18:07:16","Chloé","r2","Tisch 8","B3","Schädling","Spannerraupe","0","",0
"2023-04-13 18:07:22","Chloé","r2","Tisch 8","C2","Schädling","Spannerraupe","0","",0
"2023-04-13 18:08:45","Chloé","r1","Tisch 2","G3","Schädling","Blattläuse","1 - 2","",0
"2023-04-13 18:08:56","Chloé","r1","Tisch 2","B1","Schädling","Blattläuse","11 - 20","",0
"2023-04-13 18:09:49","Chloé","r1","Tisch 2","A2","Schädling","Blattläuse","21 - 50","",0
"2023-04-13 18:10:27","Chloé","r1","Tisch 2","H8","Schädling","Blattläuse","0","",0
"2023-04-13 18:11:10","Chloé","r1","Tisch 2","A5","Schädling","Blattläuse","50 <","",0
"2023-04-13 18:11:48","Chloé","r1","Tisch 2","F6","Schädling","Blattläuse","0","",0
"2023-04-13 18:12:34","Chloé","r1","Tisch 2","C9","Schädling","Blattläuse","11 - 20","",0
"2023-04-13 18:13:20","Chloé","r1","Tisch 2","E2","Schädling","Blattläuse","0","",0
"2023-04-13 18:13:29","Chloé","r1","Tisch 2","D7","Schädling","Blattläuse","6 - 10","",0
"2023-04-19 12:59:16","Julian","r1","Tisch 2","B1","Schädling","Blattläuse","6 - 10","",0
"2023-04-19 13:00:22","Julian","r1","Tisch 2","A2","Schädling","Blattläuse","6 - 10","",0
"2023-04-19 13:01:36","Julian","r1","Tisch 2","A5","Schädling","Blattläuse","6 - 10","",0
"2023-04-19 13:04:10","Julian","r1","Tisch 2","D7","Schädling","Blattläuse","3 - 5","",0
"2023-04-19 13:04:14","Julian","r1","Tisch 2","C9","Schädling","Blattläuse","6 - 10","",0
"2023-04-19 13:05:54","Julian","r1","Tisch 2","H8","Schädling","Blattläuse","11 - 20","",0
"2023-04-19 13:06:53","Julian","r1","Tisch 2","F6","Schädling","Blattläuse","21 - 50","",0
"2023-04-19 13:08:36","Julian","r1","Tisch 2","G3","Schädling","Blattläuse","6 - 10","",0
"2023-04-19 13:09:36","Julian","r1","Tisch 2","E2","Schädling","Blattläuse","3 - 5","",0
"2023-04-19 13:13:11","Julian","r3","Tisch 9","A2","Schädling","Trips","bis 25","",0
"2023-04-19 13:13:46","Julian","r3","Tisch 9","D3","Schädling","Trips","bis 25","",0
"2023-04-19 13:14:10","Julian","r3","Tisch 9","C4","Schädling","Trips","bis 50","",0
"2023-04-19 13:14:30","Julian","r3","Tisch 9","B6","Schädling","Trips","bis 25","",0
"2023-04-19 13:14:51","Julian","r3","Tisch 9","G7","Schädling","Trips","bis 25","",0
"2023-04-19 13:14:54","Julian","r3","Tisch 9","H6","Schädling","Trips","bis 25","",0
"2023-04-19 13:15:09","Julian","r3","Tisch 9","E5","Schädling","Trips","bis 25","",0
"2023-04-19 13:15:27","Julian","r3","Tisch 9","F1","Schädling","Trips","bis 50","",0
"2023-04-24 12:31:08","Julian","r1","Tisch 2","B1","Schädling","Blattläuse","6 - 10","",0
"2023-04-24 12:33:31","Julian","r1","Tisch 2","A2","Schädling","Blattläuse","6 - 10","",0
"2023-04-24 12:33:54","Julian","r1","Tisch 2","A5","Schädling","Blattläuse","11 - 20","",0
"2023-04-24 12:37:29","Julian","r1","Tisch 2","C9","Schädling","Blattläuse","21 - 50","",0
"2023-04-24 12:37:37","Julian","r1","Tisch 2","D7","Schädling","Blattläuse","11 - 20","",0
"2023-04-24 12:38:08","Julian","r1","Tisch 2","H8","Schädling","Blattläuse","11 - 20","",0
"2023-04-24 12:39:35","Julian","r1","Tisch 2","F6","Schädling","Blattläuse","21 - 50","",0
"2023-04-24 12:41:39","Julian","r1","Tisch 2","G3","Schädling","Blattläuse","11 - 20","",0
"2023-04-24 12:43:36","Julian","r1","Tisch 2","E2","Schädling","Blattläuse","21 - 50","",0
"2023-05-02 13:34:34","Katja","r1","Tisch 2","A2","Schädling","Blattläuse","50 <","",0
"2023-05-02 13:36:35","Katja","r1","Tisch 2","B1","Schädling","Blattläuse","21 - 50","",0
"2023-05-02 13:38:00","Katja","r1","Tisch 2","A5","Schädling","Blattläuse","50 <","",0
"2023-05-02 13:39:22","Katja","r1","Tisch 2","C9","Schädling","Blattläuse","21 - 50","",0
"2023-05-02 13:40:33","Katja","r1","Tisch 2","D7","Schädling","Blattläuse","11 - 20","",0
"2023-05-02 13:42:41","Katja","r1","Tisch 2","H8","Schädling","Blattläuse","6 - 10","",0
"2023-05-02 13:43:55","Katja","r1","Tisch 2","F6","Schädling","Blattläuse","11 - 20","",0
"2023-05-02 13:45:28","Katja","r1","Tisch 2","E2","Schädling","Blattläuse","6 - 10","",0
"2023-05-02 13:46:40","Katja","r1","Tisch 2","G3","Schädling","Blattläuse","21 - 50","",0
"2023-05-02 13:57:18",NA,"r3","Tisch 9","A2","Schädling","Trips","bis 25","",0
"2023-05-02 13:58:17",NA,"r3","Tisch 9","B6","Schädling","Trips","bis 25","",0
"2023-05-02 13:58:45",NA,"r3","Tisch 9","C4","Schädling","Trips","0","",0
"2023-05-02 13:59:15",NA,"r3","Tisch 9","D3","Schädling","Trips","0","",0
"2023-05-02 13:59:15",NA,"r3","Tisch 9","D3","Schädling","Trips","0","",0
"2023-05-02 14:00:42",NA,"r3","Tisch 9","G7","Schädling","Trips","bis 25","",0
"2023-05-02 14:01:07",NA,"r3","Tisch 9","H6","Schädling","Trips","0","",0
"2023-05-02 14:01:35",NA,"r3","Tisch 9","E5","Schädling","Trips","0","",0
"2023-05-02 14:02:08",NA,"r3","Tisch 9","F1","Schädling","Trips","bis 25","",0
"2023-03-23 10:11:05","Katja","r1","Tisch 2","B1","Schädling","Blattläuse","1 - 2","",0
